--21127677
--21CLC02
USE master
GO
IF DB_ID('QLDETAI') IS NOT NULL
	DROP DATABASE QLDETAI
GO
CREATE DATABASE QLDETAI
GO
USE QLDETAI
GO
CREATE TABLE GIAOVIEN
( 
	MAGV CHAR(5),
	HOTEN NVARCHAR(50),
	LUONG FLOAT,
	PHAI NCHAR(3),
	NGSINH DATETIME,
	DIACHI NVARCHAR(50),
	GVQLCM CHAR(5),
	MABM NCHAR(5),
	
	CONSTRAINT PK_GV
	PRIMARY KEY (MAGV),
	CONSTRAINT CK_GV_PHAI
	CHECK (PHAI = 'NAM' OR PHAI = N'NỮ')
)
CREATE TABLE GV_DT 
(
	MAGV CHAR(5),
	DIENTHOAI CHAR(12),

	CONSTRAINT PK_GVDT
	PRIMARY KEY (MAGV, DIENTHOAI)
)
CREATE TABLE BOMON 
(
	MABM NCHAR(5) NOT NULL,
	TENBM NVARCHAR(40), 	 
	PHONG CHAR(5),
	DIENTHOAI CHAR(12), 
	TRUONGBM CHAR(5), 
	MAKHOA CHAR(4), 	
	NGAYNHANCHUC DATETIME,

	CONSTRAINT PK_BOMON
	PRIMARY KEY (MABM)
)
CREATE TABLE KHOA 
(
	MAKHOA CHAR(4), 
	TENKHOA NVARCHAR(40), 
	NAMTL INT, 
	PHONG CHAR(5), 
	DIENTHOAI CHAR(12), 	
	TRUONGKHOA CHAR(5), 
	NGAYNHANCHUC DATETIME,

	CONSTRAINT PK_KHOA
	PRIMARY KEY (MAKHOA)
)
CREATE TABLE DETAI 
(
	MADT CHAR(3), 
	TENDT NVARCHAR(100), 
	CAPQL NVARCHAR(40), 
	KINHPHI FLOAT, 
	NGAYBD DATETIME, 
	NGAYKT DATETIME, 	
	MACD NCHAR(4),
	GVCNDT CHAR(5), 	

	CONSTRAINT PK_DETAI
	PRIMARY KEY (MADT)
)
CREATE TABLE CHUDE
(
	MACD NCHAR(4), 
	TENCD NVARCHAR(50),

	CONSTRAINT PK_CHUDE
	PRIMARY KEY (MACD)
)
CREATE TABLE CONGVIEC 
(
	MADT CHAR(3), 
	SOTT INT, 
	TENCV NVARCHAR(40), 
	NGAYBD DATETIME, 
	NGAYKT DATETIME,
	
	CONSTRAINT PK_CONGVIEC
	PRIMARY KEY (MADT, SOTT)
)
CREATE TABLE THAMGIADT 
(
	MAGV CHAR(5), 
	MADT CHAR(3), 
	STT INT, 
	PHUCAP FLOAT , 
	KETQUA NVARCHAR(40),

	CONSTRAINT PK_THAMGIADT
	PRIMARY KEY (MAGV, MADT, STT)
)
CREATE TABLE NGUOITHAN 
(
	MAGV CHAR(5), 
	TEN NVARCHAR(20), 
	NGSINH DATETIME, 
	PHAI NCHAR(3),

	CONSTRAINT PK_NGUOITHAN
	PRIMARY KEY (MAGV, TEN)
)	
ALTER TABLE GIAOVIEN 
ALTER COLUMN MAGV CHAR(5) NOT NULL;
GO
ALTER TABLE GIAOVIEN 
ADD 
	CONSTRAINT C_PHAI
	CHECK (PHAI IN ('Nam', N'Nữ')),
	CONSTRAINT FK_GV_GV
	FOREIGN KEY (GVQLCM)
	REFERENCES GIAOVIEN(MAGV),
	CONSTRAINT FK_GV_BM
	FOREIGN KEY (MABM)
	REFERENCES BOMON(MABM)
ALTER TABLE BOMON
ADD	
	CONSTRAINT FK_BM_GV
	FOREIGN KEY (TRUONGBM)
	REFERENCES GIAOVIEN(MAGV),
	CONSTRAINT FK_BM_KHOA
	FOREIGN KEY (MAKHOA)
	REFERENCES KHOA(MAKHOA)
ALTER TABLE KHOA
ALTER COLUMN MAKHOA CHAR(4) NOT NULL;
GO
ALTER TABLE KHOA
ADD	
	CONSTRAINT FK_KHOA_GIAOVIEN
	FOREIGN KEY (TRUONGKHOA)
	REFERENCES GIAOVIEN(MAGV)
ALTER TABLE THAMGIADT
ALTER 
	COLUMN MAGV CHAR(5) NOT NULL;
ALTER TABLE THAMGIADT
ALTER
	COLUMN MADT CHAR(3) NOT NULL;
ALTER TABLE THAMGIADT
ALTER
	COLUMN STT INT NOT NULL;
GO
ALTER TABLE THAMGIADT
ADD 
	CONSTRAINT FK_THAMGIADT_GIAOVIEN
	FOREIGN KEY (MAGV)
	REFERENCES GIAOVIEN(MAGV),
	CONSTRAINT FK_THAMGIADT_CONGVIEC
	FOREIGN KEY (MADT, STT)
	REFERENCES CONGVIEC
ALTER TABLE CONGVIEC
ALTER
	COLUMN MADT CHAR(3) NOT NULL;
ALTER TABLE CONGVIEC
ALTER
	COLUMN SOTT INT NOT NULL;
GO
ALTER TABLE CONGVIEC
ADD
	CONSTRAINT FK_CONGVIEC_DETAI
	FOREIGN KEY (MADT)
	REFERENCES DETAI(MADT)
ALTER TABLE DETAI
ALTER
	COLUMN MADT CHAR(3) NOT NULL;
GO
ALTER TABLE DETAI
ADD
	CONSTRAINT FK_DETAI_CHUDE
	FOREIGN KEY (MACD)
	REFERENCES CHUDE(MACD),
	CONSTRAINT FK_DETAI_GV
	FOREIGN KEY (GVCNDT)
	REFERENCES GIAOVIEN(MAGV)
ALTER TABLE CHUDE
ALTER
	COLUMN MACD NCHAR(4) NOT NULL;
GO
ALTER TABLE NGUOITHAN
ALTER
	COLUMN MAGV CHAR(5) NOT NULL;
ALTER TABLE NGUOITHAN
ALTER
	COLUMN TEN NVARCHAR(20) NOT NULL;
GO
ALTER TABLE NGUOITHAN
ADD
	CONSTRAINT FK_NGUOITHAN_GV
	FOREIGN KEY (MAGV)
	REFERENCES GIAOVIEN(MAGV)
ALTER TABLE GV_DT
ALTER
	COLUMN MAGV CHAR(5) NOT NULL;
ALTER TABLE GV_DT
ALTER
	COLUMN DIENTHOAI CHAR(12) NOT NULL;
GO
ALTER TABLE GV_DT
ADD
	CONSTRAINT FK_GVDT_GIAOVIEN
	FOREIGN KEY (MAGV)
	REFERENCES GIAOVIEN(MAGV)
-- UPDATE KHOA TABLE --
INSERT KHOA
VALUES ('CNTT',N'Công nghệ thông tin',1995,'B11','0838123456',NULL,'02/20/2005'),
		('VL',N'Vật lý',1976,'B21','0838223223',NULL,'09/18/2003'),
		('SH',N'Sinh học',1980,'B31','0838454545',NULL,'10/11/2000'),
		('HH',N'Hóa học',1980,'B41','0838456456',NULL,'10/15/2001')
-- UPDATE BOMON TABLE --
INSERT BOMON
VALUES   (N'HTTT',N'Hệ thống thông tin','B13','0838125125',null,'CNTT','09/20/2004'),
	     (N'CNTT',N'Công nghệ tri thức','B15','0838126126',null, 'CNTT', null),
	     (N'MMT',N'Mạng máy tính','B16','0838676767 ',null,'CNTT','05/15/2005'),
	     (N'VLĐT',N'Vật lý điện tử','B23','0838234234',null, 'VL', null),	
	     (N'VLƯD',N'Vật lý ứng dụng','B24','0838454545',null,'VL','02/18/2006'),
	     (N'VS',N'Vi sinh','B32','0838909090',null,'SH','01/01/2007'),
	     (N'SH',N'Sinh hóa','B33','0838898989',null, 'SH', null),	
	     (N'HL',N'Hóa lý','B42','0838878787',null, 'HH', null),
	     (N'HPT',N'Hóa phân tích','B43','0838777777',null,'HH','10/15/2007'),
	     (N'HHC',N'Hóa hữu cơ','B44','838222222',null, 'HH', null)	
INSERT GIAOVIEN
VALUES ('001',N'Nguyễn Hoài An',2000,N'Nam','02/15/1973',N'25/3 Lạc Long Quân, Q.10, TP HCM', null, N'MMT'),
('002',N'Trần Trà Hương',2500,N'Nữ','06/20/1960',N'125	Trần Hưng Đạo, Q.1,TP HCM', null, N'HTTT'),
('003',N'Nguyễn Ngọc Ánh',2200,N'Nữ','05/11/1975',N'12/21	Võ Văn Ngân	Thủ Đức, TP HCM', '002',N'HTTT'),
('004',N'Trương Nam Sơn',2300,N'Nam','06/20/1959',N'215	Lý Thường Kiệt,TP Biên Hòa',null, N'VS'),
('005',N'Lý Hoàng Hà',2500,N'Nam','10/23/1954',N'22/5	Nguyễn Xí, Q.Bình Thạnh, TP HCM',null, N'VLĐT'),
('006',N'Trần Bạch Tuyết',1500,N'Nữ','05/20/1980',N'127	Hùng Vương, TP Mỹ Tho','004',N'VS'),
('007',N'Nguyễn An Trung',2100,N'Nam','06/05/1976',N'234 3/2, TP Biên Hòa',null, N'HPT'),
('008',N'Trần Trung Hiếu',1800,N'Nam','08/06/1977',N'22/11 Lý Thường Kiệt, TP Mỹ Tho','007',N'HPT'),
('009',N'Trần Hoàng Nam',2000,N'Nam','11/22/1975',N'234	Trấn Não, An Phú,TP HCM','001',N'MMT'),
('010',N'Phạm Nam Thanh',1500,N'Nam','12/12/1980',N'221	Hùng Vương, Q.5, TP HCM','007',N'HPT')
INSERT GV_DT
VALUES ('001','0903123123'),
('001','0838912112'),
('002','0913454545'),
('003','0903656565'),
('003','0838121212'),
('003','0937125125'),
('006','0937888888'),
('008','0913232323'),
('008','0653717171')
INSERT CHUDE
VALUES (N'QLGD',N'Quản lý giáo dục'),
(N'NCPT',N'Nghiên cứu phát triển'),
(N'ƯDCN',N'Ứng dụng công nghệ')
INSERT DETAI(MADT, TENDT, KINHPHI, CAPQL, NGAYBD, NGAYKT, MACD, GVCNDT) 
VALUES ('001',N'HTTT quản lý các trường ĐH',20,N'ĐHQG','10/20/2007','10/20/2008',N'QLGD','002'),
('002',N'HTTT quản lý giáo vụ cho một Khoa',20,N'Trường','10/12/2000','10/12/2001',N'QLGD','002'),
('003',N'Nghiên cứu chế tạo sợi Nanô Platin',300,N'ĐHQG','05/15/2008','05/15/2010',N'NCPT','005'),
('004',N'Tạo vật liệu sinh học bằng màng ối người',100,N'Nhà nước','01/01/2007','12/31/2009',N'NCPT','004'),
('005',N'Ứng dụng hóa học xanh',200,N'Trường','10/10/2003','12/10/2004',N'ƯDCN','007'),
('006',N'Nghiên cứu tế bào gốc',4000,N'Nhà nước','10/20/2006','10/20/2009',N'NCPT','004'),
('007',N'HTTT quản lý thư viện ở các trường ĐH',20,N'Trường','5/10/2009','05/10/2010',N'QLGD','001')
SET DATEFORMAT dmy;
GO
INSERT CONGVIEC   
VALUES ('001',1,N'Khởi tạo và Lập kế hoạch','20/10/2007','20/12/2008'),
('001',2,N'Xác định yêu cầu','21/12/2008','21/03/2008'),
('001',3,N'Phân tích hệ thống','22/03/2008','22/5/2008'),
('001',4,N'Thiết kế hệ thống','23/05/2008','23/06/2008'),
('001',5,N'Cài đặt thử nghiệm','24/06/2008','20/10/2008'),
('006',1,N'Lấy mẫu','20/10/2006','20/02/2007'),
('006',2,N'Nuôi cấy','21/02/2007','21/08/2008'),
('002',1,N'Khởi tạo và Lập kế hoạch','10/05/2009','10/07/2009'),
('002',2,N'Xác định yêu cầu','11/07/2009','11/10/2009'),
('002',3,N'Phân tích hệ thống','12/10/2009','20/12/2009'),
('002',4,N'Thiết kế hệ thống','21/12/2009','22/03/2010'),
('002',5,N'Cài đặt thử nghiệm','23/03/2010','10/05/2010')
SET DATEFORMAT mdy;
GO
INSERT THAMGIADT
VALUES ('003','001',1,1,N'Đạt'),
('003','001',2,0,N'Đạt'),
('002','001',4,2,N'Đạt'),
('003','001',4,1,N'Đạt'),
('004','006',1,0,N'Đạt'),
('004','006',2,1,N'Đạt'),
('006','006',2,1.5,N'Đạt'),
('001','002',1,0, null),	
('001','002',2,2, null),	
('003','002',2,0, null),	
('009','002',3,0.5, null),	
('009','002',4,1.5, null)	
-- UPDATE KHOA --
UPDATE KHOA SET TRUONGKHOA = '002' WHERE MAKHOA='CNTT'
UPDATE KHOA SET TRUONGKHOA = '005' WHERE MAKHOA='VL'
UPDATE KHOA SET TRUONGKHOA = '004' WHERE MAKHOA='SH'
UPDATE KHOA SET TRUONGKHOA = '007' WHERE MAKHOA='HH'
-- UPDATE BOMON --
UPDATE BOMON SET TRUONGBM = '002' WHERE MABM=N'HTTT'
UPDATE BOMON SET TRUONGBM = '001' WHERE MABM=N'MMT'
UPDATE BOMON SET TRUONGBM = '005' WHERE MABM=N'VLƯD'
UPDATE BOMON SET TRUONGBM = '004' WHERE MABM=N'VS'
UPDATE BOMON SET TRUONGBM = '007' WHERE MABM=N'HPT'
INSERT NGUOITHAN   
VALUES ('001', N'Hùng', '1/14/1990', N'Nam'),
('001', N'Thủy', '12/8/1994', N'Nữ'),
('003', N'Thu', '9/3/1998', N'Nữ'),
('003', N'Hà', '9/3/1998', N'Nữ'),
('008', N'Nam', '5/6/1991', N'Nam'),
('010', N'Nguyệt', '1/14/2006', N'Nữ'),
('007', N'Vy', '2/14/2000', N'Nữ'),
('007', N'Mai', '3/26/2003', N'Nữ'),
('009', N'An', '8/19/1996', N'Nam')
SELECT * FROM CHUDE